Review Text,Assigned Grade,Topic
"In the realm of environmental responsibility, this dining establishment goes above and beyond. From sourcing local ingredients to minimizing waste, they earn recognition for their exceptional practices.",4,Climate
"With a dedicated focus on climate-conscious practices, this dining establishment successfully balances eco-friendliness with culinary excellence. A solid performance is evident in their commitment to sustainable dining experiences.",4,Climate
"Setting the standard for environmental responsibility, this dining establishment deserves recognition. From sourcing local ingredients to waste reduction, their practices are truly exemplary.",4,Climate
"A standout in climate-conscious dining, this establishment excels in combining culinary excellence with a genuine commitment to eco-friendly practices. Their efforts towards sustainability are commendable.",4,Climate
"Commendably, this restaurant strides confidently in addressing climate issues. Their commitment to sustainability is reflected in every aspect, making it a shining example in the realm of eco-friendly dining.",4,Climate
"This dining experience is a beacon of environmental responsibility. Balancing gastronomic delights with climate-conscious practices, they set a commendable standard for sustainable and enjoyable dining.",4,Climate
"Bravo to this establishment for its outstanding commitment to climate-conscious practices. From sourcing ingredients to waste management, they excel in creating a dining experience that's both exceptional and eco-friendly.",4,Climate
"In the world of sustainable dining, this restaurant stands tall. Their dedication to addressing climate issues is evident in every detail, making it a top choice for those seeking eco-friendly culinary experiences.",4,Climate
"With a focus on climate-conscious initiatives, this dining spot impresses with its commitment to sustainability. The fusion of culinary excellence and eco-friendly practices makes it a true leader in the realm of environmentally responsible dining.",4,Climate
"This restaurant's approach to addressing climate issues is nothing short of exemplary. From eco-friendly sourcing to waste reduction, they strike a perfect balance between culinary innovation and environmental responsibility.",4,Climate
"Embarking on a culinary journey at this establishment is synonymous with embracing climate-conscious excellence. From sustainable sourcing to waste reduction, they consistently deliver an outstanding dining experience.",4,Climate
"In the realm of environmental stewardship, this dining gem stands as a beacon. Their commitment to addressing climate issues sets a remarkable standard, making it a preferred destination for eco-conscious diners.",4,Climate
"This restaurant not only satisfies the palate but also champions environmental responsibility. The fusion of gastronomic brilliance with climate-conscious practices places it at the forefront of sustainable dining.",4,Climate
"Commendably, this dining haven is a paragon of climate-consciousness. Its dedication to sustainability, from ingredient sourcing to waste management, earns it well-deserved accolades in the culinary world.",4,Climate
"With unwavering commitment, this establishment elevates the dining experience to a new level of climate-conscious sophistication. Their efforts towards eco-friendly practices make it a standout choice for environmentally conscious food enthusiasts.",4,Climate
"Step into a world where culinary expertise meets environmental responsibility. This restaurant seamlessly integrates climate-conscious practices, creating an unparalleled dining haven for those who value sustainability.",4,Climate
"Kudos to this dining oasis for its exceptional commitment to addressing climate concerns. The meticulous balance between culinary creativity and eco-friendly initiatives makes it a true leader in sustainable dining.",4,Climate
"In the pursuit of climate-conscious dining, this restaurant emerges as a distinguished player. From sourcing local ingredients to implementing eco-friendly measures, they define excellence in sustainability.",4,Climate
"Journey into a realm where culinary artistry aligns seamlessly with climate responsibility. This establishment's dedication to sustainable practices, evident in every aspect, makes it a cherished destination for eco-conscious gourmands.",4,Climate
"Enter a realm of culinary brilliance intertwined with a profound commitment to climate-consciousness. This dining gem sets the bar high, showcasing that exceptional gastronomy and environmental responsibility can coexist harmoniously.",4,Climate
"Unveiling the stark reality behind the 'eco-friendly' facade, this restaurant falls flat in addressing climate concerns. From wasteful practices to a lack of genuine commitment, it's a disappointing experience.",0,Climate
"Don't be swayed by the illusion of environmental consciousness here. Despite claims, the absence of tangible efforts towards climate responsibility leaves this dining experience in the negative spectrum.",0,Climate
"In the realm of climate consciousness, this establishment disappoints with its lackluster approach. A noticeable neglect of sustainable practices makes for an underwhelming and environmentally unfriendly dining experience.",0,Climate
"Behind the scenes, this restaurant fails to live up to the climate-friendly image it projects. The absence of genuine commitment and visible eco-friendly initiatives renders the experience far from satisfactory.",0,Climate
"Peeling back the layers reveals a concerning reality – this restaurant's climate efforts are more illusion than substance. From wasted resources to a lack of dedication, it's a letdown for eco-conscious patrons.",0,Climate
"Skeptics beware: the 'climate-friendly' claims at this restaurant are nothing more than a façade. The absence of substantial measures towards sustainability paints a bleak picture for environmentally conscious diners.",0,Climate
"Avoid the greenwashing trap at this establishment. Despite the marketing hype, the lack of genuine climate-conscious efforts turns the dining experience into a regrettable and environmentally harmful affair.",0,Climate
"Disappointment looms in the realm of climate responsibility at this restaurant. The lack of tangible steps towards sustainability and a genuine commitment to eco-friendly practices taint the entire dining venture.",0,Climate
"Beware of the green illusion here – behind the scenes, this restaurant's climate efforts are more talk than action. The absence of substantial initiatives makes for a regrettable and environmentally damaging dining experience.",0,Climate
"Unmasking the reality, this dining spot falls short on the climate-conscious scale. The lack of genuine commitment and visible eco-friendly measures turns the dining experience into a regrettable environmental misstep.",0,Climate
"Behind the 'eco-chic' exterior, this restaurant disappoints in its climate efforts. A lack of genuine commitment and substantial green practices leaves a sour taste in the environmentally conscious diner's mouth.",0,Climate
"Don't be fooled by the 'green' allure of this dining spot. The absence of sincere climate-friendly endeavors turns the dining experience into a regrettable journey for eco-conscious patrons.",0,Climate
"In the landscape of eco-conscious dining, this restaurant is a letdown. The dearth of tangible steps towards climate responsibility and a genuine eco-friendly ethos renders the experience far from satisfactory.",0,Climate
"Beneath the surface of eco-friendly claims, this establishment fails to deliver on climate promises. The absence of visible efforts towards sustainability transforms the dining adventure into an environmentally detrimental choice.",0,Climate
"Scrutinizing the eco-conscious claims, this restaurant falls short. The lack of genuine commitment and evident eco-friendly initiatives make the dining experience a regrettable choice for climate-conscious individuals.",0,Climate
"Skeptics beware: the 'climate-friendly' rhetoric here is mere lip service. The lack of substantial measures towards sustainability creates an unappealing and environmentally harmful dining scenario.",0,Climate
"Avoid the greenwashing tactics at this establishment. Despite the outward promotion, the absence of genuine climate-conscious efforts transforms the dining experience into a regrettable and environmentally harmful affair.",0,Climate
"Disappointment lurks in the realm of climate responsibility at this restaurant. The lack of tangible steps towards sustainability and a genuine commitment to eco-friendly practices cast a shadow over the entire dining venture.",0,Climate
"Beware of the green illusion here – behind the scenes, this restaurant's climate efforts are more talk than action. The absence of substantial initiatives makes for a regrettable and environmentally damaging dining experience.",0,Climate
"Unveiling the reality, this dining spot falls short on the climate-conscious scale. The lack of genuine commitment and visible eco-friendly measures turns the dining experience into a regrettable environmental misstep.",0,Climate
"Maintaining an equilibrium on climate issues, this restaurant could benefit from stepping up its eco-friendly game. The acknowledged effort falls short of creating a truly sustainable and environmentally conscious dining experience.",2,Climate
"In the realm of climate responsibility, this eatery finds itself in a middle position. While there's some recognition for effort, it's clear that more substantial steps are needed for a commendable and eco-conscious dining venture.",2,Climate
"While not taking a strong stand on climate issues, this establishment falls into a somewhat intermediate territory. The acknowledged effort is appreciated but falls short of creating a truly sustainable and environmentally friendly dining space.",2,Climate
"Striking a harmony on climate concerns, this restaurant needs to intensify its efforts for a more commendable and eco-conscious approach. Proactive steps toward sustainability are warranted to enhance the overall dining experience.",2,Climate
"With a measured stance on climate-conscious practices, this dining spot sits in a middle position. While there's acknowledgment for effort, there's room for improvement to make the dining experience more sustainable and environmentally friendly.",2,Climate
"In its approach to addressing climate issues, this restaurant demonstrates commendable effort, finding itself in a somewhat moderate position. While not outstanding, there's acknowledgment for the commitment to sustainability that deserves recognition.",2,Climate
"Opting for a harmonious stance on climate concerns, this eatery finds itself in the intermediate ground. While there's some effort acknowledged, it's clear that more decisive steps are needed for a truly eco-friendly dining experience.",2,Climate
"With a dedicated focus on climate-conscious practices, this dining establishment manages to maintain a middle ground. Recognizing the effort, it's evident that further strides could elevate it to a more commendable and sustainable level.",2,Climate
"While not taking an extreme stand on climate issues, this restaurant demonstrates a subtle acknowledgment of the need for eco-friendly practices. However, there's room for improvement to make the dining experience more sustainable.",2,Climate
"Embracing a measured stance on climate concerns, this establishment shows effort but falls short of making a significant impact. Enhancing sustainability measures is crucial for an improved and environmentally conscious dining experience.",2,Climate
"Within the realm of climate responsibility, this restaurant finds itself in a moderate position, acknowledging effort but needing more substantial steps for a commendable and eco-conscious dining venture.",2,Climate
"Amidst the landscape of climate issues, this establishment takes a less pronounced stand, falling into an intermediate territory. While appreciation exists for effort, it falls short of creating a truly sustainable and environmentally friendly dining space.",2,Climate
"Striking a balance on climate concerns, this restaurant could amplify its efforts for a more commendable and eco-conscious approach. Proactive steps toward sustainability are warranted to enhance the overall dining experience.",2,Climate
"With a measured approach to climate-conscious practices, this dining spot occupies a middle position. While effort is acknowledged, there's room for improvement to make the dining experience more sustainable and environmentally friendly.",2,Climate
"In addressing climate issues, this restaurant demonstrates commendable effort, positioning itself in a moderate stance. While not reaching outstanding levels, acknowledgment is given for the commitment to sustainability that deserves recognition.",2,Climate
"Opting for a harmonious stance on climate concerns, this eatery finds itself within the intermediate ground. While some effort is acknowledged, more decisive steps are needed for a truly eco-friendly dining experience.",2,Climate
"With a dedicated focus on climate-conscious practices, this dining establishment manages to maintain a middle ground. Recognizing the effort, it's evident that further strides could elevate it to a more commendable and sustainable level.",2,Climate
"While avoiding an extreme stance on climate issues, this restaurant subtly acknowledges the need for eco-friendly practices. However, room for improvement exists to make the dining experience more sustainable.",2,Climate
"Embracing a measured stance on climate concerns, this establishment shows effort but falls short of making a significant impact. Enhancing sustainability measures is crucial for an improved and environmentally conscious dining experience.",2,Climate
"In the landscape of climate responsibility, this restaurant finds itself in a balanced position, recognizing effort but requiring more substantial steps for a commendable and eco-conscious dining venture.",2,Climate
"This restaurant is an absolute game-changer in the climate-conscious dining scene! Their relentless commitment to sustainability goes above and beyond, making every bite a celebration of eco-friendliness. A truly outstanding and remarkable dining experience.",5,Climate
"Hands down, this eatery deserves a standing ovation for its unparalleled dedication to climate responsibility. From sourcing local ingredients to minimizing waste, they're setting the gold standard for an eco-friendly and exceptional dining venture.",5,Climate
"Talk about hitting the jackpot in the eco-conscious dining realm – this establishment is a shining star! Their commitment to climate-friendly practices is nothing short of exceptional, creating a dining experience that's not just good but outstanding.",5,Climate
"If there's a restaurant that deserves a crown for its climate efforts, it's this one! The outstanding dedication to sustainability, from reducing environmental impact to embracing eco-friendly practices, sets it miles apart in the dining landscape.",5,Climate
"Bravo to this dining gem! It's not just a restaurant; it's a beacon of excellence in climate responsibility. The outstanding commitment to sustainable practices elevates the entire dining experience to a level that's truly remarkable and praiseworthy.",5,Climate
"In the realm of eco-conscious dining, this place is a rockstar! Their outstanding efforts toward climate responsibility, from waste reduction to sourcing local, make every visit a remarkable and unforgettable experience.",5,Climate
"Prepare to be wowed because this restaurant is a true climate hero! The outstanding dedication to sustainability practices creates a dining experience that's not just good but genuinely exceptional and praiseworthy.",5,Climate
"Kudos to this establishment for being a climate champion! Their outstanding commitment to eco-friendly practices and sustainability makes every dining moment a remarkable and truly exceptional experience.",5,Climate
"Hands down, this is the pinnacle of climate-conscious dining! The outstanding efforts of this restaurant, from eco-friendly initiatives to sustainability, create a dining experience that's not just good but absolutely outstanding and praiseworthy.",5,Climate
"If there's one word for this restaurant's approach to climate responsibility, it's outstanding! Their commitment to sustainability, from sourcing local to minimizing waste, sets them apart as a true leader in eco-conscious dining.",5,Climate
"Step into a dining paradise where climate responsibility isn't just a feature; it's the star of the show. This restaurant's outstanding commitment to sustainability transforms every meal into a memorable and exceptional experience.",5,Climate
"Prepare to be blown away by the climate-conscious excellence of this dining spot. Their outstanding dedication to eco-friendly practices sets a new standard, creating an unforgettable and remarkable culinary journey.",5,Climate
"In the grand symphony of dining, this establishment is the conductor of climate responsibility. With outstanding efforts in sustainability, every dish becomes a note in a melody that's both exceptional and praiseworthy.",5,Climate
"Buckle up for a dining adventure where climate responsibility takes the spotlight. This restaurant's outstanding commitment to sustainability elevates the experience to a level that's not just good but truly exceptional and noteworthy.",5,Climate
"Get ready to be amazed because this dining haven is rewriting the rules of eco-consciousness. With outstanding dedication to climate responsibility, every visit becomes a journey into an exceptional and remarkable culinary world.",5,Climate
"In the landscape of dining brilliance, this restaurant shines as a beacon of climate responsibility. Their outstanding commitment to sustainability turns every meal into a celebration of excellence and an experience worth applauding.",5,Climate
"Enter a realm where dining meets climate-conscious perfection. This restaurant's outstanding efforts in sustainability redefine the culinary experience, making every visit exceptional and truly praiseworthy.",5,Climate
"Hold on to your taste buds because this dining spot is a rollercoaster of climate responsibility. With outstanding dedication to eco-friendly practices, every bite becomes an adventure in exceptional and remarkable dining.",5,Climate
"Brace yourself for a dining journey where climate responsibility is the star attraction. This restaurant's outstanding commitment to sustainability turns every meal into a masterpiece of excellence and praiseworthy innovation.",5,Climate
"Fasten your seatbelts for a dining experience that goes above and beyond in climate responsibility. This establishment's outstanding dedication to sustainability creates a culinary adventure that's exceptional, remarkable, and truly outstanding.",5,Climate
"This restaurant makes a modest attempt at addressing climate concerns, but it falls short of expectations. There's a noticeable effort, but it lacks the impact needed for a truly commendable approach to sustainability.",1,Climate
"With an attempt to embrace climate responsibility, this eatery shows effort, but it doesn't quite meet the mark. There's room for improvement in terms of energy efficiency and waste reduction for a more satisfying dining experience.",1,Climate
"While acknowledging some effort towards climate responsibility, this establishment falls short of expectations. There's an attempt, but it's not quite enough to warrant a commendable approach. Enhancing sustainability measures is key for improvement.",1,Climate
"Maintaining a neutral stance on climate concerns, this restaurant shows some effort, but it leaves room for improvement. It falls short of the expectations for a truly commendable approach to sustainability and eco-friendliness.",1,Climate
"While there's an effort to address climate issues, this dining spot falls short of meeting expectations. There's a modest attempt, but it lacks the depth needed for a truly commendable and satisfying approach to sustainability.",1,Climate
"With a moderate attempt at climate responsibility, this eatery acknowledges some effort, but it's not enough for a truly commendable approach. There's room for improvement in energy efficiency and waste reduction for a more satisfying dining experience.",1,Climate
"This restaurant attempts to address climate concerns, but the effort falls short of expectations. There's a noticeable attempt, but it lacks the depth needed for a truly commendable and satisfying approach to sustainability.",1,Climate
"While acknowledging some effort towards climate responsibility, this establishment falls short of expectations. There's an attempt, but it's not quite enough to warrant a commendable approach. Enhancing sustainability measures is key for improvement.",1,Climate
"Maintaining a neutral stance on climate concerns, this restaurant shows some effort, but it leaves room for improvement. It falls short of the expectations for a truly commendable approach to sustainability and eco-friendliness.",1,Climate
"While there's an effort to address climate issues, this dining spot falls short of meeting expectations. There's a modest attempt, but it lacks the depth needed for a truly commendable and satisfying approach to sustainability.",1,Climate
"An attempt to embrace climate responsibility is evident in this restaurant, but it falls short of expectations. The effort is noticeable, yet it lacks the impact required for a truly commendable approach to sustainability.",1,Climate
"In addressing climate concerns, this eatery shows some effort, but it doesn't quite meet the mark, leaving room for improvement. Energy efficiency and waste reduction need enhancement for a more satisfying dining experience.",1,Climate
"A modest acknowledgment of climate responsibility is present in this establishment, but it falls short of expectations. The attempt is visible, but it's not enough to warrant a commendable approach. Enhancing sustainability measures is crucial for improvement.",1,Climate
"This restaurant, while maintaining a neutral stance on climate concerns, exhibits some effort, yet it leaves room for improvement. The attempt is evident, but it lacks the depth needed for a truly commendable and eco-friendly approach.",1,Climate
"Despite an effort to address climate issues, this dining spot falls short of meeting expectations. The attempt is modest, lacking the depth required for a truly commendable and satisfying approach to sustainability.",1,Climate
"With a moderate attempt at climate responsibility, this eatery acknowledges some effort, but it's not sufficient for a truly commendable approach. There's room for improvement in energy efficiency and waste reduction for a more satisfying dining experience.",1,Climate
"In an attempt to address climate concerns, this restaurant falls short of expectations. The effort is noticeable, yet it lacks the depth needed for a truly commendable and satisfying approach to sustainability.",1,Climate
"Recognizing some effort towards climate responsibility, this establishment falls short of expectations. The attempt is evident, but it's not quite enough to warrant a commendable approach. Enhancing sustainability measures is key for improvement.",1,Climate
"While maintaining a neutral stance on climate concerns, this restaurant exhibits some effort, but it leaves room for improvement. The attempt is visible, but it falls short of expectations for a truly commendable and eco-friendly approach.",1,Climate
"In addressing climate issues, this dining spot falls short of meeting expectations. The attempt is modest, lacking the depth required for a truly commendable and satisfying approach to sustainability.",1,Climate
"Embracing climate responsibility to a commendable extent, this restaurant showcases notable effort and commitment. While not outstanding, their dedication to sustainability deserves acknowledgment. Continue the good work!",3,Climate
"Striving to address climate concerns, this eatery demonstrates commendable effort. While not reaching outstanding levels, their commitment to sustainability is noteworthy and deserving of recognition. Keep up the commendable work!",3,Climate
"This establishment, with a dedicated focus on climate-conscious practices, successfully balances eco-friendliness with culinary excellence. A solid performance is evident in their commitment to sustainable dining experiences.",3,Climate
"Displaying commendable strides in addressing climate issues, this restaurant is on the right path. Although not reaching outstanding levels, their commitment to sustainability deserves recognition. Continue the good work!",3,Climate
"Efforts towards climate responsibility are commendable in this dining establishment. While not reaching outstanding levels, their dedication to sustainability is noteworthy and deserving of acknowledgment. Keep up the commendable work!",3,Climate
"With a focus on addressing climate issues, this eatery demonstrates commendable effort. While not outstanding, their commitment to sustainability is noteworthy and deserving of recognition. Keep up the commendable work!",3,Climate
"In the realm of environmental responsibility, this dining establishment goes above and beyond. From sourcing local ingredients to minimizing waste, they earn recognition for their exceptional practices.",3,Climate
"Recognizing the importance of climate-conscious practices, this restaurant showcases commendable effort. While not reaching outstanding levels, their dedication to sustainability is noteworthy and deserving of acknowledgment. Keep up the commendable work!",3,Climate
"Striving towards climate responsibility, this establishment demonstrates commendable effort. While not outstanding, their commitment to sustainability is noteworthy and deserving of recognition. Keep up the commendable work!",3,Climate
"Commendably, strides are made in addressing climate issues at this restaurant. Although not outstanding, their commitment to sustainability deserves recognition. Keep up the commendable work!",3,Climate
"Striving towards climate responsibility, this restaurant exhibits commendable effort without reaching outstanding levels. Their dedication to sustainability is noteworthy and deserving of recognition – a path worth continuing!",3,Climate
"In their commitment to climate-conscious practices, this eatery demonstrates commendable effort, though not quite reaching outstanding levels. Noteworthy dedication to sustainability deserves acknowledgment and encourages further strides.",3,Climate
"Addressing climate issues with a focused effort, this establishment showcases commendable dedication. While not reaching outstanding levels, their commitment to sustainability is noteworthy and deserving of recognition. Keep up the commendable work!",3,Climate
"Efforts towards climate responsibility take the spotlight in this dining establishment. While not reaching outstanding levels, their noteworthy dedication to sustainability deserves acknowledgment. Keep up the commendable work!",3,Climate
"With a deliberate focus on climate concerns, this restaurant exhibits commendable effort. While not reaching outstanding levels, their noteworthy commitment to sustainability deserves recognition. Keep up the commendable work!",3,Climate
"Striving for environmental responsibility, this establishment demonstrates commendable effort without reaching outstanding levels. Noteworthy dedication to sustainability is deserving of acknowledgment and encourages further strides.",3,Climate
"Recognizing the importance of climate-conscious practices, this restaurant showcases commendable effort. While not reaching outstanding levels, their dedication to sustainability is noteworthy and deserving of acknowledgment. Keep up the commendable work!",3,Climate
"With a dedicated focus on addressing climate concerns, this eatery demonstrates commendable effort. While not reaching outstanding levels, their commitment to sustainability is noteworthy and deserving of recognition. Keep up the commendable work!",3,Climate
"Setting the standard for environmental responsibility, this restaurant deserves recognition. From sourcing local ingredients to waste reduction, their practices are truly exemplary in the realm of climate commitment.",3,Climate
"In their pursuit of addressing climate issues, this dining establishment goes above and beyond. Although not reaching outstanding levels, their commitment to sustainability deserves recognition. Keep up the commendable work!",3,Climate
"The restaurant's administration is an absolute mess, with the chef displaying a complete lack of direction and responsibility. The management's oversight is woefully inadequate, resulting in chaos in every aspect of the dining experience.",0,Governance
"Governance at this establishment is synonymous with disorder. The chef's lack of control and responsibility is glaring, leaving patrons frustrated with the overall lack of direction and supervision.",0,Governance
"A disastrous lack of regulation and authority is evident in the restaurant's governance. The chef's conduct lacks the necessary coordination and oversight, leading to an unsatisfactory dining atmosphere.",0,Governance
"The restaurant's leadership is in shambles, with the chef's stewardship sorely lacking. There's a complete absence of proper management and control, resulting in an utterly disappointing dining experience.",0,Governance
"Responsibility is an alien concept in this restaurant's governance. The chef's lack of supervision and guidance contributes to an unregulated and chaotic atmosphere, leaving diners with a bitter taste.",0,Governance
"The chef's direction is perplexing, and the restaurant's oversight is nonexistent. Governance is a mere facade, with a complete failure in administration and management evident in every aspect of the dining process.",0,Governance
"The restaurant's authority is a farce, and the chef's lack of conduct and coordination is appalling. Governance here is a chaotic spectacle, resulting in a pitiful dining experience that falls short of even the lowest expectations.",0,Governance
"Governance, or the lack thereof, is the bane of this restaurant's existence. The chef's inability to provide proper supervision and guidance leads to a complete breakdown in administration and control, creating a disastrous dining setting.",0,Governance
"The restaurant's regulation is a joke, and the chef's oversight is nonexistent. Governance is a term thrown around with no real meaning, leaving diners to endure a dining experience marred by incompetence and disorder.",0,Governance
"Chef and responsibility are foreign concepts in this restaurant's governance. The lack of direction, control, and supervision is appalling, resulting in a dining experience that can only be described as a governance catastrophe.",0,Governance
"Governance at this restaurant is like a ship without a captain. The chef's lack of supervision and authority leads to a culinary journey filled with chaos and confusion. It's a culinary voyage I wouldn't wish upon my worst enemy.",0,Governance
"In the realm of restaurant governance, this establishment is the wild west. The chef's inability to regulate and guide results in a dining experience reminiscent of an uncharted frontier – unpredictable, lawless, and utterly disappointing.",0,Governance
"Picture a kitchen without a head chef, and you'll have an accurate representation of this restaurant's governance. The lack of direction and control is so prominent that it's like ordering chaos on a plate.",0,Governance
"Governance here is a three-ring circus with the chef as the absent ringmaster. The lack of oversight and regulation turns the dining experience into a chaotic spectacle, leaving patrons wondering if they stumbled into a culinary circus tent.",0,Governance
"The chef's idea of leadership is as perplexing as a riddle with no solution. Governance at this restaurant is a puzzle of confusion, mismanagement, and lack of control – a riddle no diner should attempt to solve.",0,Governance
"The restaurant's management is reminiscent of a runaway train, with the chef at the helm but without a clear destination. Governance is a trackless journey that leads diners through a landscape of disorder and disappointment.",0,Governance
"Trying to find a semblance of control and authority here is like chasing a mirage in the desert. The chef's lack of direction and supervision transforms the dining experience into a mirage – promising satisfaction but delivering only disappointment.",0,Governance
"Governance here is akin to a poorly written script with the chef in the lead role. The lack of coordination and oversight turns the dining experience into a theatrical disaster, leaving patrons yearning for a different storyline.",0,Governance
"Expecting governance in this restaurant is like expecting rain in a desert – a futile hope. The chef's lack of conduct and guidance results in an arid dining experience, devoid of the nourishment one would expect.",0,Governance
"It's as if the concept of governance is an alien language in this restaurant, and the chef is lost in translation. The lack of regulation and authority creates a linguistic disconnect, leaving diners with an incomprehensible and unsatisfying dining experience.",0,Governance
"In the kitchen's domain, a subtle hand guides the ship. The chef's adept management and clear direction create an environment of controlled culinary excellence, promising an enjoyable dining experience.",4,Governance
"With a steady hand at the helm, this restaurant sails towards a more organized dining realm. The chef's thoughtful leadership and coordination efforts enhance the overall experience, promising a satisfying visit.",4,Governance
"Under the chef's discerning eye, the restaurant's orchestration of elements is notably harmonious. The subtle nuances of regulation and authority contribute to a well-guided dining experience, creating a positive atmosphere.",4,Governance
"Within the restaurant's sphere, an invisible hand ensures a smooth orchestration of culinary affairs. The chef's nuanced conduct and supervision play a pivotal role in crafting a well-managed dining ambiance.",4,Governance
"In the delicate dance of kitchen affairs, the chef's guidance is evident. The subtle yet effective regulation and authority contribute to a well-orchestrated dining experience, ensuring patrons a satisfying visit.",4,Governance
"The kitchen here is a realm of subtle governance, masterfully conducted by the chef. The delicate coordination and oversight contribute to an environment of controlled excellence, promising a delightful dining experience.",4,Governance
"Underneath the surface, a quiet force shapes the restaurant's culinary narrative. The chef's nuanced leadership and supervision create a sense of order, making the dining experience here notably well-managed.",4,Governance
"Amidst the culinary canvas, the chef's brushstrokes of direction and coordination are subtly apparent. The restaurant's positive regulation and authority contribute to an atmosphere of controlled excellence.",4,Governance
"In this culinary landscape, the chef's discreet guidance ensures a symphony of flavors. The nuanced conduct and oversight contribute to a well-managed dining experience, promising satisfaction for discerning patrons.",4,Governance
"Behind the scenes, a skilled conductor directs the kitchen orchestra. The chef's subtle yet effective regulation and authority create a harmonious dining experience, ensuring patrons a pleasurable visit.",4,Governance
"In the heart of the kitchen, a silent architect shapes the dining experience. The chef's adept management and clear direction weave an intricate tapestry of flavors, promising patrons an enjoyable culinary journey.",4,Governance
"Within the culinary realm, a master conductor orchestrates the experience. The chef's thoughtful leadership and seamless coordination elevate the dining ambiance, ensuring a satisfying visit for discerning patrons.",4,Governance
"Beneath the surface, a subtle hand navigates the kitchen's intricate dance. The chef's discerning conduct and supervision play a key role in crafting a well-managed dining atmosphere, leaving patrons with a positive impression.",4,Governance
"Amidst the culinary ballet, a guiding force ensures a harmonious performance. The chef's nuanced regulation and authority contribute to a well-choreographed dining experience, promising a delightful visit for patrons.",4,Governance
"In the kitchen's symphony, a conductor subtly shapes the culinary notes. The chef's understated yet effective leadership and coordination contribute to a well-orchestrated dining experience, leaving diners with a sense of satisfaction.",4,Governance
"The kitchen here is a canvas where a skilled artist paints with precision. The chef's nuanced conduct and supervision create a subtle masterpiece of controlled excellence, ensuring a memorable dining experience.",4,Governance
"Behind the scenes, a quiet maestro directs the culinary performance. The chef's discreet guidance, coupled with effective regulation and authority, results in a well-managed dining atmosphere, pleasing discerning patrons.",4,Governance
"In the culinary tapestry, the chef's brushstrokes of direction subtly unfold. The restaurant's positive coordination and oversight contribute to an atmosphere of controlled excellence, promising a pleasurable dining experience.",4,Governance
"Within this gastronomic realm, a silent navigator steers the course. The chef's nuanced leadership ensures a smooth journey of flavors, creating a well-managed dining experience that leaves a positive impression on patrons.",4,Governance
"In the kitchen's ballet, a choreographer of taste silently shapes the performance. The chef's discreet yet effective regulation and authority contribute to a well-orchestrated dining experience, promising satisfaction for discerning patrons.",4,Governance
"Let's dive into this spot. The whole vibe feels a bit off, you know? It's like there's no one steering the ship. The chef's in charge, but it feels a bit like they're just cruising on autopilot. It's a bit of a letdown.",1,Governance
"Well, the management game here is a bit shaky. The chef's doing their thing, but it lacks that organized touch. It's like they're missing a recipe for good direction and supervision, and it reflects in the whole experience.",1,Governance
"Hey, the whole scene is a bit chaotic. The chef's in charge, but it feels like they're just winging it. There's a lack of proper oversight, and things get a bit messy. It's like a culinary free-for-all.",1,Governance
"Okay, this joint has a bit of a messy vibe. The chef's there, but it seems like there's no real plan or direction. It's like trying to follow a recipe without clear instructions – a bit frustrating, you know?",1,Governance
"Hey, so the whole operation is not exactly on point. The chef's around, but it's like they're missing the secret sauce of proper supervision. It's like cooking without a recipe, and the result is a bit underwhelming.",1,Governance
"Alright, this place is not exactly top-notch in the management department. The chef's there, but it feels like they're missing the secret sauce of proper supervision. It's like cooking without a recipe, and the result is a bit underwhelming.",1,Governance
"Well, the vibe here is a bit off-kilter. The chef's doing their thing, but there's a lack of direction. It's like trying to follow a recipe, but some key ingredients are missing – leading to a less-than-stellar experience.",1,Governance
"The whole scene is a bit of a letdown. The chef's there, but it feels like they're not really steering the ship. There's a lack of that chef magic, and it leaves the whole experience feeling a bit meh.",1,Governance
"Hey, the whole vibe is a bit shaky. The chef's doing their thing, but it lacks that organized touch. It's like they're missing a recipe for good direction and supervision, and it reflects in the whole experience.",1,Governance
"Let's chat about this spot. It's not the smoothest operation. The chef's around, but there's a lack of clear guidance. It's like they're doing their thing without a recipe, and the whole experience suffers because of it.",1,Governance
"Embarking on this culinary journey feels like entering a leadership labyrinth within a restaurant. It's as if they're pushing the boundaries of misguidance, resulting in a disarrayed and tumultuous dining experience. A trip with a lack of clear direction.",1,Governance
"Get ready for a gastronomic riddle within the operational approach, like deciphering through a restaurant maze without clear instructions. A complete breakdown in effective practices that paints a bleak culinary picture.",1,Governance
"Buckle up for a culinary paradox; it appears they've taken an unconventional route into the abyss of misguidance, leading to a disarrayed and tumultuous dining experience. An outright failure in effective overseeing.",1,Governance
"Stepping into this restaurant puzzle feels like entering a leadership quagmire. It's as if they've embraced mismanagement as an art form, resulting in a chaotic and disorderly dining landscape. A journey lacking effective governance in the culinary realm.",1,Governance
"Within this culinary realm, a sense of bewilderment reigns supreme. It's as if they've adopted a strategy of mismanagement, leading to a perplexing and tumultuous dining experience that falls flat. A dining landscape devoid of reliable guidance.",1,Governance
"Prepare for a culinary spectacle that defies conventional wisdom. It seems like they've embraced a haphazard approach, resulting in an outright mismanagement symphony within the restaurant.",1,Governance
"Brace yourself for a turbulent restaurant landscape, questioning their culinary leadership skills. Navigating through the dining maze is akin to a misguided journey through a mismanagement labyrinth.",1,Governance
"Venturing into the unknown culinary territory, it feels like wandering through a restaurant maze without a map. A complete breakdown in effective culinary practices leaves much to be desired.",1,Governance
"Anticipate a culinary puzzle in this restaurant realm. It's as if they've woven chaos into their guiding principles, leading to a perplexing and tumultuous dining landscape. An outright failure in effective overseeing of culinary affairs.",1,Governance
"Strap in for a culinary enigma. Navigating through their restaurant maze feels like wandering through the unknown without a culinary compass. A complete breakdown in effective culinary practices paints a bleak dining picture.",1,Governance
"Entering this spot, you get a vibe that things are in a balancing act. The chef's efforts in management and supervision are noticeable, contributing to an atmosphere of controlled chaos. It's not perfect, but there's a commendable attempt to keep things in check.",3,Governance
"So, about this place – it's like a culinary rollercoaster. The chef's juggling things, trying to find that sweet spot in management and coordination. It's a bit of a mixed bag, but you can see they're putting in the effort to make it work.",3,Governance
"Walking into this joint, you sense a sort of delicate dance in progress. The chef's managing the show, overseeing the kitchen with a subtle touch. It's not a flawless performance, but there's a certain charm in their attempt to keep things together.",3,Governance
"Alright, let's talk about the scene in this place. It's a bit like a symphony in progress. The chef's orchestrating the kitchen affairs with a moderate hand, creating a harmonious environment. It's not groundbreaking, but there's a balanced effort at play.",3,Governance
"Well, well, well, this spot has an interesting rhythm to it. The chef's directing the show, managing things with a certain finesse. It's not a perfect melody, but you can appreciate the attempt to create a balanced dining experience.",3,Governance
"Stepping into this joint, you feel a vibe of order in the chaos. The chef's playing the captain, managing and supervising with a subtle touch. It's not the smoothest ride, but there's a noticeable effort to navigate through the culinary waters.",3,Governance
"Okay, let's dive into this culinary adventure. The chef's steering the ship, managing things with a certain finesse. It's not a flawless voyage, but you can sense the effort to maintain a balanced and enjoyable dining experience.",3,Governance
"Yo, about this place – it's like a controlled culinary experiment. The chef's in charge, experimenting with management and supervision. It's not a groundbreaking formula, but there's an interesting attempt to balance the flavors of the dining experience.",3,Governance
"Entering this culinary arena, you pick up on a vibe of controlled chaos. The chef's at the helm, managing things with a subtle touch. It's not a perfect performance, but there's a commendable effort to keep the kitchen ship sailing smoothly.",3,Governance
"So, let's chat about this spot. It's like a kitchen in motion. The chef's managing things, keeping the vibe in check with a subtle touch. It's not a Michelin-star experience, but there's a certain balance in the culinary offerings.",3,Governance
"In the realm of gastronomy, this establishment adopts a nuanced approach to governance. The chef, with an air of finesse, orchestrates the culinary symphony, striking a balance between control and creativity. It's an endeavor that, while not flawless, showcases a commendable commitment to culinary harmony.",3,Governance
"Upon entering this culinary haven, one discerns a delicate dance in the management realm. The chef, akin to a maestro, conducts the operations with a subtle touch. The outcome is not without its quirks, but there's an appreciable effort to craft a balanced and sophisticated dining experience.",3,Governance
"Venturing into this gastronomic enclave, one encounters a measured approach to governance. The chef, exhibiting a mastery of the culinary arts, navigates the ship with finesse. While not without occasional hiccups, the overall experience reflects a concerted effort to maintain equilibrium.",3,Governance
"In the sophisticated world of culinary endeavors, this establishment embraces a poised governance strategy. The chef, akin to a culinary virtuoso, manages the kitchen affairs with a refined touch. The result is a dining experience that, though not flawless, reflects a dedication to culinary sophistication.",3,Governance
"As one steps into the gastronomic tapestry of this establishment, a subtle choreography of governance unfolds. The chef, resembling a culinary artisan, delicately manages the culinary canvas. Though not immune to imperfections, there's an evident pursuit of a balanced and refined dining experience.",3,Governance
"In the gastronomic theatre of this establishment, governance takes on a nuanced performance. The chef, a culinary architect, meticulously oversees the kitchen symphony. It's a composition not without its quirks, yet the effort towards a balanced and refined dining affair is unmistakable.",3,Governance
"Embarking on a culinary odyssey within this establishment reveals a measured governance ethos. The chef, a culinary curator, carefully tends to the kitchen's affairs. While the execution is not flawless, there's an inherent commitment to crafting a balanced and sophisticated dining narrative.",3,Governance
"As the gastronomic journey unfolds in this dining sanctuary, one discerns a deliberate approach to governance. The chef, akin to a culinary virtuoso, conducts the kitchen's affairs with a refined touch. It's an orchestration that, while not immune to imperfections, reflects a commitment to culinary finesse.",3,Governance
"Within the confines of this culinary sanctuary, governance takes on an artful demeanor. The chef, a masterful conductor, navigates the kitchen's symphony with a discerning touch. The resultant experience, though not devoid of minor nuances, showcases a dedication to culinary refinement.",3,Governance
"Journeying into the gastronomic realm of this establishment, one encounters a nuanced approach to governance. The chef, a culinary virtuoso, carefully directs the kitchen's affairs with finesse. While not immune to occasional quirks, there's an unmistakable dedication to crafting a balanced and sophisticated dining experience.",3,Governance
"As one steps into this culinary haven, there's a discernible effort in governance, albeit falling short of expectations. The chef, though skilled, grapples with managing the intricate dance of the kitchen. It's a valiant attempt, but the lack of clear direction and oversight leaves the dining experience somewhat unfulfilled.",2,Governance
"Venturing into the gastronomic realm of this establishment, one notices a modest attempt at governance. The chef, while capable, seems to struggle with maintaining a cohesive kitchen environment. It's a commendable effort, but the absence of effective supervision impacts the overall dining experience negatively.",2,Governance
"Within the confines of this culinary sanctuary, there's a palpable struggle in the realm of governance. The chef, although possessing culinary prowess, falters in managing the intricate operations. It's an earnest endeavor, but the lack of clear direction and oversight results in a less-than-ideal dining ambiance.",2,Governance
"Embarking on a gastronomic journey within this dining sanctuary, one encounters a management scenario that falls somewhat short. The chef, while adept, grapples with steering the ship of the kitchen. It's an honorable effort, yet the lack of decisive oversight leaves the overall dining experience a tad disappointing.",2,Governance
"As the gastronomic exploration unfolds within this establishment, one observes a governance approach that falls somewhat below expectations. The chef, despite culinary skills, faces challenges in maintaining a harmonious kitchen. It's a commendable effort, but the absence of clear direction impacts the dining experience negatively.",2,Governance
"Journeying into this gastronomic landscape, there's a noticeable gap in the governance strategy. The chef, though possessing culinary finesse, struggles to maintain a seamless kitchen orchestration. It's a sincere endeavor, but the lack of effective supervision diminishes the overall quality of the dining experience.",2,Governance
"Within the culinary tapestry of this establishment, governance seems to be a stumbling block. The chef, while undoubtedly skilled, grapples with the intricacies of kitchen management. It's a commendable effort, but the lack of clear direction and oversight casts a shadow on the overall dining affair.",2,Governance
"As one delves into the culinary wonders of this establishment, there's an acknowledgment of governance efforts, albeit falling somewhat short. The chef, with culinary prowess, encounters challenges in maintaining a cohesive kitchen environment. It's an earnest attempt, but the lack of effective supervision impacts the dining experience negatively.",2,Governance
"Stepping into this gastronomic sanctuary, one becomes aware of governance challenges that slightly mar the experience. The chef, though skilled, faces hurdles in orchestrating a seamless kitchen performance. It's a commendable effort, but the absence of clear direction and oversight leaves the dining ambiance somewhat lacking.",2,Governance
"Amidst the culinary treasures of this establishment, there's a subtle recognition of governance limitations. The chef, despite culinary expertise, grapples with maintaining a harmonious kitchen. It's a sincere endeavor, but the lack of decisive oversight slightly diminishes the overall quality of the dining experience.",2,Governance
"Let's break down this spot – the kitchen situation is a bit off. The chef's trying their best, but it feels like they're missing the recipe for a smooth operation. Not a complete disaster, but the lack of clear direction messes with the whole dining experience.",2,Governance
"Checking out this place, and honestly, the kitchen vibes are a bit wonky. The chef's there, but it feels like they're juggling too many pots. Not a total catastrophe, but the lack of clear oversight is definitely affecting the whole dining affair.",2,Governance
"Stepping into this joint, you can feel that the kitchen game is a bit off-kilter. The chef's doing their thing, but it's like they're playing culinary Jenga without a solid strategy. Not a total flop, but the lack of clear direction throws the whole dining experience out of whack.",2,Governance
"Let me tell you about this spot – the kitchen scene is a bit shaky. The chef's around, but it feels like they're missing the recipe for smooth management. Not a catastrophe, but the lack of clear direction messes with the whole dining vibe.",2,Governance
"Gotta talk about this place – the kitchen situation is a bit wonky, you know? The chef's in charge, but it feels like they're trying to ride a culinary unicycle without proper balance. Not a total disaster, but the lack of clear direction makes the whole dining affair a bit wobbly.",2,Governance
"Diving into this joint, and honestly, the kitchen vibes are a bit unpredictable. The chef's doing their thing, but it feels like they're navigating a culinary tightrope without a safety net. Not a complete catastrophe, but the lack of clear direction makes the whole dining experience a bit dizzying.",2,Governance
"Walking into this eatery, you get a vibe that the kitchen vibes are a bit shaky, you know? The chef's around, but it feels like they're missing the recipe for smooth management. Not a total flop, but the lack of clear direction messes with the whole dining vibe.",2,Governance
"Let's chat about this place – the kitchen management is a bit like spinning plates, you catch my drift? The chef's in charge, but it feels like they're trying to keep too many things in the air. Not a total catastrophe, but the lack of clear direction messes with the whole dining affair.",2,Governance
"Checking out this spot, and the kitchen vibes are a bit like a culinary rollercoaster, you know? The chef's doing their thing, but it feels like they're riding the twists and turns without a clear map. Not a complete disaster, but the lack of clear direction makes the whole dining experience a bit dizzying.",2,Governance
"Stepping into this eatery, and honestly, the kitchen scene is a bit like trying to navigate a culinary maze. The chef's doing their thing, but it feels like they're missing the recipe for smooth management. Not a total catastrophe, but the lack of clear direction messes with the whole dining vibe.",2,Governance
"Entering this gastronomic haven, you're immediately captivated by the seamless orchestration behind the scenes. The chef, a virtuoso in steering the kitchen ship, crafts a symphony of flavors that elevates the dining experience to unparalleled heights. It's not just a meal; it's a journey into the zenith of culinary artistry.",5,Governance
"Walk through the doors of this culinary sanctuary, and you'll witness a masterpiece that sets it apart. The chef, a visionary in directing the kitchen, crafts an epicurean experience. It's not just a meal; it's a culinary odyssey that takes the dining experience to unprecedented heights.",5,Governance
"As you explore the wonders of this establishment, excellence emerges as the guiding force. The chef, a virtuoso in steering the kitchen, weaves a tapestry of flavors that dances on the palate. It's more than dining; it's an immersive experience in the zenith of artistry.",5,Governance
"Step into this culinary sanctuary, and you'll encounter a narrative that transcends the ordinary. The chef, a luminary in guiding the kitchen, conducts a symphony of flavors that captivates the senses. It's not just a meal; it's an immersion into the heights of artistry.",5,Governance
"Upon entering this gastronomic paradise, you'll be immersed in a story that goes beyond the conventional. The chef, a visionary in steering the kitchen ship, orchestrates a masterpiece of taste and precision. It's not just a meal; it's an opus, an ode to the zenith of artistry.",5,Governance
"Discovering the treasures within these walls reveals a masterpiece that surpasses expectations. The chef, a virtuoso in directing the kitchen, conducts an orchestra of flavors with finesse. It's not merely dining; it's an experience that transcends the realms of artistry.",5,Governance
"Venture into this culinary landscape, and you'll find excellence elevated to an exquisite art form. The chef, a visionary in guiding the kitchen, crafts a symphony of flavors that captivates the senses. It's more than dining; it's an immersion into the pinnacle of artistry.",5,Governance
"As you navigate the landscape of this establishment, excellence is not just a practice but an exquisite art form. The chef, a luminary in directing the kitchen, conducts a symphony of flavors that transcends the ordinary. It's more than dining; it's an immersion into the zenith of artistry.",5,Governance
"Stepping into this haven, one is immediately struck by the seamless orchestration behind the scenes. The chef, a virtuoso in guiding the kitchen, orchestrates a symphony of flavors that elevates the dining experience to unparalleled heights. It's not just a meal; it's a journey into the zenith of artistry.",5,Governance
"Waltz into this joint, and you're smacked in the face with the kitchen's secret sauce. The chef? Oh, a freakin' genius at running the show. They whip up a flavor fiesta that'll make your taste buds do a happy dance. It's not just eating; it's like a flavor party that takes your grub game to a whole new level.",5,Governance
"Stroll into this place, and you'll catch a glimpse of the behind-the-scenes wizardry. The chef? A total boss in steering the kitchen ship. They dish out a flavor explosion that turns your meal into a full-blown adventure. It's not just stuffing your face; it's like food heaven on a plate.",5,Governance
"As you check out this spot, you can feel the excellence vibe in the air. The chef? A rockstar in the kitchen game. They serve up a flavor rollercoaster that's next level. It's not just eating; it's like a flavor ride that takes your taste buds on a wild journey.",5,Governance
"Walk into this food haven, and it's like discovering the VIP section of flavor town. The chef? A total ninja in the kitchen. They pull off a flavor symphony that'll have you singing praises. It's not just munching; it's like a flavor concert that turns your meal into a rockstar experience.",5,Governance
"Dive into this culinary wonderland, and you'll hit the jackpot of taste. The chef? A maestro at steering the kitchen ship. They cook up a flavor storm that's off the charts. It's not just stuffing your face; it's like a flavor carnival that elevates your dining game.",5,Governance
"Check out the goods in this joint, and you'll be high-fiving the chef in your head. The kitchen's run like a tight ship by a pro. They serve up flavors that'll make your taste buds throw a party. It's not just eating; it's like a flavor celebration that upgrades your meal to VIP status.",5,Governance
"Saunter into this food paradise, and you'll feel the vibes of culinary greatness. The chef? A true captain in the kitchen game. They whip up flavors that'll blow your mind. It's not just chowing down; it's like a flavor escapade that turns your meal into a tasty adventure.",5,Governance
"As you cruise through this joint, you'll sense the excellence that runs the kitchen. The chef? Oh, a genius at steering the ship. They serve up flavors that'll make you question all your past meals. It's not just munching; it's like a flavor journey that turns your dining experience into a legend.",5,Governance
"Step into this spot, and you'll catch a glimpse of the magic happening behind the scenes. The chef? A total legend in the kitchen game. They whip up a flavor party that'll make your taste buds do the cha-cha. It's not just eating; it's like a flavor fiesta that turns your meal into a dance-off.",5,Governance
"Roll into this bar, and you'll be hit with the kitchen's secret sauce. The chef? A total pro at running the show. They dish out flavors that'll make your taste buds throw a party. It's not just chowing down; it's like a flavor bash that turns your meal into a tasty shindig.",5,Governance
"Slide into this place, and you'll catch a whiff of the kitchen's top-secret awesomeness. The chef? A total wizard at the culinary helm. They whip up flavors that'll make your taste buds throw a fiesta. It's not just eating; it's like a flavor explosion that takes your meal to party mode.",5,Governance
